{
  "test_nll": 776.2433888177452,
  "test_rmse_mean": 0.06978782172396826,
  "test_rmse_median": 0.057795122265815735,
  "n_samples": 795
}